Year,Month,BCEMAN Monthly Sum,OCEMAN Monthly Sum,SO2EMAN Monthly Sum,SO4EMAN Monthly Sum
1980,1,6.71986567808e-09,1.1848155541509e-08,3.158805747505e-07,1.48423630356e-08
1980,2,6.7186938207200005e-09,1.1846989465973e-08,3.147535101112e-07,1.479057478381e-08
1980,3,6.71763338085e-09,1.1845766266151998e-08,3.136285290412001e-07,1.4738804641360003e-08
1980,4,6.716440800970002e-09,1.1844551088255e-08,3.1249088687250005e-07,1.4686164811899995e-08
1980,5,6.71534418039e-09,1.1843323738917004e-08,3.113471609037e-07,1.4633547703589997e-08
1980,6,6.714176169940001e-09,1.1842125780110998e-08,3.1020439798190005e-07,1.45809118831e-08
1980,7,6.71211889459e-09,1.1861640755557996e-08,3.092936570279001e-07,1.4538386684909999e-08
1980,8,6.7088304711499995e-09,1.1907723927411003e-08,3.086310303445e-07,1.450795078759e-08
1980,9,6.7055935920000006e-09,1.1953160063893001e-08,3.07974473373e-07,1.4478053768110002e-08
1980,10,6.702351493989999e-09,1.199859003053e-08,3.0730612262279985e-07,1.444817276553e-08
1980,11,6.69911109049e-09,1.2044023543878002e-08,3.066493123833e-07,1.4418276638960004e-08
1980,12,6.69587134768e-09,1.2089459490013999e-08,3.0599433899439986e-07,1.4388388472840002e-08
1981,1,6.692581027309998e-09,1.2135646926343e-08,3.053245008970001e-07,1.43580016686e-08
1981,2,6.689447733920002e-09,1.2179591930532004e-08,3.0469084305720003e-07,1.432908868377e-08
1981,3,6.6863233055299985e-09,1.2223529989121002e-08,3.0405932273110014e-07,1.4300173137460002e-08
1981,4,6.683082630880002e-09,1.2268965562111996e-08,3.0341263338639987e-07,1.4270291216389998e-08
1981,5,6.67984005671e-09,1.2314409779803997e-08,3.027600453486999e-07,1.424039833511e-08
1981,6,6.676602874959998e-09,1.2359842396231002e-08,3.021078878809e-07,1.421050745344e-08
1981,7,6.651230347520001e-09,1.2371872335322e-08,3.007996481663001e-07,1.4149512893550002e-08
1981,8,6.596587818379999e-09,1.2340561512568002e-08,2.985820038112e-07,1.4046954880729998e-08
1981,9,6.54269093542e-09,1.2309568411427001e-08,2.963911450872e-07,1.3945876512829998e-08
1981,10,6.488797658470001e-09,1.2278572315567004e-08,2.9418820047190005e-07,1.3844777976529994e-08
1981,11,6.434900967270002e-09,1.2247573622805998e-08,2.9199654537660004e-07,1.3743717012820002e-08
1981,12,6.3810117502499994e-09,1.2216571786639e-08,2.898070331315e-07,1.364260714702e-08
1982,1,6.3262369765900005e-09,1.2185067428900003e-08,2.8757729679759986e-07,1.3539897752880002e-08
1982,2,6.27410776541e-09,1.2155089684505996e-08,2.8545938693229995e-07,1.3442105971590003e-08
1982,3,6.2219822218400004e-09,1.2125106832288999e-08,2.833429535993e-07,1.3344333843610002e-08
1982,4,6.1680905553e-09,1.209410384541e-08,2.8116188444429987e-07,1.324325188728e-08
1982,5,6.114198124280001e-09,1.2063101972110998e-08,2.789748542533e-07,1.3142168083219998e-08
1982,6,6.06030510386e-09,1.2032105918748999e-08,2.76788225106e-07,1.3041094002429991e-08
1982,7,6.027982413339999e-09,1.2022321497872e-08,2.755008066975e-07,1.2981044111769999e-08
1982,8,6.02408841304e-09,1.2040855101405994e-08,2.7536754609379995e-07,1.2975172463809995e-08
1982,9,6.020420028629999e-09,1.2059258583508e-08,2.752376813458001e-07,1.296969777705e-08
1982,10,6.016744626750001e-09,1.2077645513455001e-08,2.7509560013369996e-07,1.2964199468819998e-08
1982,11,6.0130786383299995e-09,1.2096040029178001e-08,2.7496502034359994e-07,1.2958713629940001e-08
1982,12,6.009410349450001e-09,1.2114432476625002e-08,2.7483590941119995e-07,1.2953237119920003e-08
1983,1,6.00567391368e-09,1.2133141526229e-08,2.7469976128710004e-07,1.2947650792909996e-08
1983,2,6.00212858807e-09,1.2150928576959004e-08,2.745752801152e-07,1.294237807357e-08
1983,3,5.9985676733600015e-09,1.2168726158878e-08,2.7445193379639996e-07,1.29370626768e-08
1983,4,5.99491040229e-09,1.2187111245153999e-08,2.743316461620999e-07,1.2931597014120003e-08
1983,5,5.9912390085600006e-09,1.2205509034075e-08,2.742053404845999e-07,1.292609645355e-08
1983,6,5.98756701487e-09,1.2223907182435e-08,2.7407941516719993e-07,1.2920596414550002e-08
1983,7,5.997098846079999e-09,1.2249395923804e-08,2.741463568931e-07,1.292340435631e-08
1983,8,6.025051393120001e-09,1.2285115660891997e-08,2.74448375645e-07,1.2937702151990005e-08
1983,9,6.05267605639e-09,1.2320327738011e-08,2.747412032509e-07,1.2951829458610002e-08
1983,10,6.080299774569999e-09,1.2355542244904998e-08,2.750220467596e-07,1.2965999460760003e-08
1983,11,6.1079256482900004e-09,1.2390749260863001e-08,2.753144410738e-07,1.298011096502e-08
1983,12,6.135548129259999e-09,1.2425968021500004e-08,2.7561015700280003e-07,1.2994269594399998e-08
1984,1,6.1636265550899995e-09,1.2461761752380006e-08,2.7591966650909995e-07,1.300863807824e-08
1984,2,6.190798495520001e-09,1.2496391273603005e-08,2.7621068605179994e-07,1.3022523600019995e-08
1984,3,6.2179700539e-09,1.2531026984981998e-08,2.7650224953469995e-07,1.303644671022e-08
1984,4,6.245597177919998e-09,1.2566237275123e-08,2.7680368472170004e-07,1.3050596594919995e-08
1984,5,6.2732175915399996e-09,1.2601452118796002e-08,2.7710049112710015e-07,1.3064728501020002e-08
1984,6,6.30084186462e-09,1.2636663759706004e-08,2.7739822748430004e-07,1.30788825331e-08
1984,7,6.289764736299999e-09,1.2634967823908999e-08,2.774887790032e-07,1.3082657534560002e-08
1984,8,6.2296016631599975e-09,1.2586564387751004e-08,2.772854182653999e-07,1.307357004429e-08
1984,9,6.17022643253e-09,1.2538777269783e-08,2.7707739978579996e-07,1.306451340019e-08
1984,10,6.110846584969999e-09,1.2490991639733998e-08,2.768580717398e-07,1.3055494120640001e-08
1984,11,6.05146727281e-09,1.2443197282221e-08,2.766508516503001e-07,1.3046397298409996e-08
1984,12,5.9920890910400006e-09,1.2395407188419998e-08,2.7644410012720005e-07,1.303738195889e-08
1985,1,5.93173881276e-09,1.2346826880871e-08,2.762306239197e-07,1.30282352313e-08
1985,2,5.8743022949899976e-09,1.2300607665968e-08,2.76034545621e-07,1.3019448145370004e-08
1985,3,5.81687039917e-09,1.2254392385546001e-08,2.7583863948790003e-07,1.30107224457e-08
1985,4,5.757487608989998e-09,1.2206599134605e-08,2.756395527026e-07,1.300161552615e-08
1985,5,5.6981126949799975e-09,1.2158804783505e-08,2.7543797538209995e-07,1.2992602337110004e-08
1985,6,5.638742683499999e-09,1.211101252555e-08,2.7523601702959996e-07,1.2983559979559999e-08
1985,7,5.592486974109999e-09,1.2080190832945996e-08,2.7510003702159987e-07,1.2976618337920004e-08
1985,8,5.562596677799999e-09,1.2070979903836002e-08,2.750167502789999e-07,1.297230504075e-08
1985,9,5.533257435839999e-09,1.206202883654e-08,2.7492830592300003e-07,1.2968091420979995e-08
1985,10,5.503921657640001e-09,1.2053068828042e-08,2.7483009126519997e-07,1.2963836288580001e-08
1985,11,5.47459138783e-09,1.2044114725165e-08,2.7474216649989995e-07,1.295961591215e-08
1985,12,5.445252701890002e-09,1.2035156331328e-08,2.7465599602709995e-07,1.295538886933e-08
1986,1,5.415434211359999e-09,1.2026042844431e-08,2.745638711573e-07,1.295108810689e-08
1986,2,5.38706316765e-09,1.2017372812613996e-08,2.744828357106e-07,1.2947002192349998e-08
1986,3,5.3586963109499996e-09,1.2008720047011002e-08,2.7440215537030004e-07,1.294290075826e-08
1986,4,5.3293615921e-09,1.1999747259901e-08,2.743220305952e-07,1.2938677066220002e-08
1986,5,5.300026953689999e-09,1.1990801249131e-08,2.742405142862e-07,1.2934447208010002e-08
1986,6,5.270687494560001e-09,1.1981830592384998e-08,2.741603506909001e-07,1.2930209889579999e-08
1986,7,5.251864465059999e-09,1.1982038068455002e-08,2.740472987344999e-07,1.2923912095260004e-08
1986,8,5.24683761947e-09,1.1994526940673e-08,2.738603842355e-07,1.291482732976e-08
1986,9,5.241971963250001e-09,1.2006879530273e-08,2.7366917128810004e-07,1.290584950734e-08
1986,10,5.2371067841899995e-09,1.2019254718583005e-08,2.7346900156559995e-07,1.2896864368869998e-08
1986,11,5.232240196059999e-09,1.2031612563423002e-08,2.732794686136e-07,1.2887886452769998e-08
1986,12,5.227375117119997e-09,1.204398386226e-08,2.730907245200999e-07,1.2878905934819998e-08
1987,1,5.22242642839e-09,1.2056540782064e-08,2.728925125989e-07,1.2869770430040002e-08
1987,2,5.2177200350399995e-09,1.2068499673773004e-08,2.7271391243540004e-07,1.28611026473e-08
1987,3,5.2130151388600005e-09,1.2080450478724998e-08,2.725342751934999e-07,1.28524178403e-08
1987,4,5.208148654060001e-09,1.2092818323309997e-08,2.723515095248e-07,1.2843438990680004e-08
1987,5,5.203286129459998e-09,1.2105173992812996e-08,2.7216805811260004e-07,1.283445342552e-08
1987,6,5.1984162173600014e-09,1.2117540951470997e-08,2.719867296838e-07,1.2825470624829993e-08
1987,7,5.199666830530001e-09,1.2122232690021003e-08,2.7233062781150013e-07,1.2840427527479996e-08
1987,8,5.209392781189998e-09,1.2116371316009002e-08,2.7338065021789997e-07,1.2888735074979997e-08
1987,9,5.219014724289999e-09,1.2110552266594005e-08,2.7441065404699987e-07,1.293646009937e-08
1987,10,5.228640556710001e-09,1.2104725248086997e-08,2.7543453602269986e-07,1.2984187034220004e-08
1987,11,5.2382632954800005e-09,1.209890196477e-08,2.7646728645890005e-07,1.3031931376120004e-08
1987,12,5.24788687778e-09,1.2093076131650004e-08,2.775003848199999e-07,1.3079651388640004e-08
1988,1,5.2576668811700005e-09,1.2087155070484995e-08,2.785434898817001e-07,1.3128156611049999e-08
1988,2,5.267137084900001e-09,1.2081421189408997e-08,2.7956554854369997e-07,1.317511380459e-08
1988,3,5.276603790399999e-09,1.2075689247717997e-08,2.8058546142650004e-07,1.322207295193e-08
1988,4,5.2862248283600005e-09,1.2069881996087997e-08,2.8162444566949985e-07,1.3269792811880002e-08
1988,5,5.295849883830001e-09,1.2064042287336004e-08,2.826640723764e-07,1.3317516184679998e-08
1988,6,5.305473287399998e-09,1.2058220874532e-08,2.8370746951930004e-07,1.3365250724500001e-08
1988,7,5.314075226239998e-09,1.2063520112245e-08,2.840107757036001e-07,1.3378366933759999e-08
1988,8,5.32152082347e-09,1.2082962943440996e-08,2.8336181273679995e-07,1.3347905710550002e-08
1988,9,5.328845747250001e-09,1.2102151855403004e-08,2.827118129586e-07,1.3317757711619994e-08
1988,10,5.336166531159998e-09,1.2121336313902998e-08,2.8205714220960003e-07,1.3287597045030002e-08
1988,11,5.34348846155e-09,1.2140519947511996e-08,2.8141230076090013e-07,1.3257446992309996e-08
1988,12,5.350812912100001e-09,1.2159700716140004e-08,2.807667781977e-07,1.3227298718859992e-08
1989,1,5.35825216011e-09,1.217920993512e-08,2.8010207530520004e-07,1.3196683785629997e-08
1989,2,5.36533488184e-09,1.2197753341844002e-08,2.7948492902820005e-07,1.316754045138e-08
1989,3,5.372418263439998e-09,1.2216312689587e-08,2.788638076823e-07,1.3138366165109999e-08
1989,4,5.379739873160001e-09,1.223549333722e-08,2.7822400980719995e-07,1.3108221881730001e-08
1989,5,5.387062191510001e-09,1.2254678253377003e-08,2.77585609914e-07,1.3078069456720002e-08
1989,6,5.3943848029300015e-09,1.2273865532048004e-08,2.769511030537e-07,1.304795132846e-08
1989,7,5.379868954540003e-09,1.2228023143438999e-08,2.759698777625e-07,1.3001500326539998e-08
1989,8,5.336663893109999e-09,1.2096700282856999e-08,2.7450235202379997e-07,1.2933041754609998e-08
1989,9,5.29402526224e-09,1.1967130326915e-08,2.7304762229400003e-07,1.2865585349089999e-08
1989,10,5.25139527853e-09,1.1837528900916e-08,2.7159039103090003e-07,1.279815779735e-08
1989,11,5.20874825841e-09,1.1707945038804e-08,2.7014124522819986e-07,1.2730707275890002e-08
1989,12,5.16611469969e-09,1.1578346583429e-08,2.6868985477889985e-07,1.266325072123e-08
1990,1,5.12277934677e-09,1.1446638550965e-08,2.672074552250001e-07,1.2594712309389998e-08
1990,2,5.081542556759999e-09,1.1321291817447997e-08,2.6581330027819985e-07,1.25294770116e-08
1990,3,5.04029186782e-09,1.1195971971941e-08,2.644153841682001e-07,1.2464233935070001e-08
1990,4,4.99765864386e-09,1.1066386793362e-08,2.6297014920809994e-07,1.2396797323430005e-08
1990,5,4.955019213800001e-09,1.0936805976277e-08,2.615286982981e-07,1.2329349086799995e-08
1990,6,4.9123786286800016e-09,1.0807204488815998e-08,2.6009139857429986e-07,1.2261906468310002e-08
1990,7,4.8632010250200015e-09,1.0675415806635e-08,2.587986194938e-07,1.2201222077150002e-08
1990,8,4.80444046374e-09,1.0538494810222998e-08,2.5766367925410014e-07,1.214865556197e-08
1990,9,4.74657553829e-09,1.0403767360608998e-08,2.5653887516320005e-07,1.2096957521360002e-08
1990,10,4.68871871902e-09,1.0269017081525002e-08,2.554126999711e-07,1.204527141508e-08
1990,11,4.630849857569999e-09,1.0134299826971003e-08,2.5429403294439996e-07,1.1993589209770005e-08
1990,12,4.572984221760001e-09,9.999561725882004e-09,2.531731939433e-07,1.1941894587970001e-08
1991,1,4.51417516901e-09,9.862628149056e-09,2.520247331021e-07,1.1889363801620003e-08
1991,2,4.4582046178600015e-09,9.732312415615e-09,2.5095098473129995e-07,1.1839377284879996e-08
1991,3,4.4022386326600025e-09,9.602003015800999e-09,2.4987303587739987e-07,1.1789376050700004e-08
1991,4,4.344373129970001e-09,9.467260746932005e-09,2.487575230014999e-07,1.173769205978e-08
1991,5,4.28650770977e-09,9.332531998816999e-09,2.476473108198e-07,1.1685997031589995e-08
1991,6,4.22864288217e-09,9.197801127557003e-09,2.465412628701e-07,1.1634312245560002e-08
1991,7,4.201112896909999e-09,9.151651385766999e-09,2.4560182913790003e-07,1.1590281812799998e-08
1991,8,4.2150712345e-09,9.227203117574e-09,2.448635869116e-07,1.1556115071320002e-08
1991,9,4.22908672518e-09,9.302358120806002e-09,2.441290666248e-07,1.152260153707e-08
1991,10,4.243102299220003e-09,9.377515537929e-09,2.433948278498e-07,1.1489056711620004e-08
1991,11,4.2571167698e-09,9.452664072221999e-09,2.42667640598e-07,1.1455519104419996e-08
1991,12,4.271132750099999e-09,9.527822054939001e-09,2.4193077546449995e-07,1.142197395921e-08
1992,1,4.285379211549998e-09,9.604218634521004e-09,2.4112686602150003e-07,1.138787625089e-08
1992,2,4.299162578430001e-09,9.678129516262004e-09,2.404069505883e-07,1.135490274548e-08
1992,3,4.31294744535e-09,9.752064777e-09,2.396998182892e-07,1.132192266598e-08
1992,4,4.326964744919999e-09,9.827215299551999e-09,2.389728512762e-07,1.1288379207150002e-08
1992,5,4.340977440960001e-09,9.902368835956004e-09,2.382537752702e-07,1.1254827861089995e-08
1992,6,4.354995105350001e-09,9.977533311970005e-09,2.3754050301679989e-07,1.1221285448710003e-08
1992,7,4.36345919626e-09,1.0008097803301998e-08,2.3700853192610003e-07,1.119647553554e-08
1992,8,4.36506241276e-09,9.982799033283999e-09,2.366995833467e-07,1.118227358472e-08
1992,9,4.36664156814e-09,9.957704050706998e-09,2.363850481013e-07,1.11683309354e-08
1992,10,4.368175600899999e-09,9.932602531131999e-09,2.3607704466080013e-07,1.1154403221329997e-08
1992,11,4.36970450388e-09,9.907506110354996e-09,2.3577220196860014e-07,1.114047346437e-08
1992,12,4.37130140519e-09,9.882402227709996e-09,2.354683711169001e-07,1.1126559420260005e-08
1993,1,4.37286833053e-09,9.856898877146003e-09,2.3515248925580005e-07,1.111238422618e-08
1993,2,4.37434519761e-09,9.832610963518004e-09,2.3486121342110005e-07,1.1098902613250002e-08
1993,3,4.37587012168e-09,9.808345728108001e-09,2.3457472267690005e-07,1.1085450820399999e-08
1993,4,4.3774179954299985e-09,9.783244276584002e-09,2.34270492789e-07,1.1071510023920004e-08
1993,5,4.378971087139999e-09,9.758144549828e-09,2.3397316720380007e-07,1.1057591356609995e-08
1993,6,4.3805280359100004e-09,9.733044578455e-09,2.33683049715e-07,1.1043643662310003e-08
1993,7,4.38161355795e-09,9.694904017487004e-09,2.3320420862640015e-07,1.1021316854370004e-08
1993,8,4.38212181473e-09,9.639142251639999e-09,2.3247568213249997e-07,1.098766036125e-08
1993,9,4.382616380920001e-09,9.584210044341e-09,2.3174673696440002e-07,1.0954476486669999e-08
1993,10,4.383110291869999e-09,9.529283572823e-09,2.310242555755e-07,1.092130889703e-08
1993,11,4.3836105910100015e-09,9.474338510361999e-09,2.3030405049250002e-07,1.0888147837920004e-08
1993,12,4.384102320609998e-09,9.419403186032001e-09,2.29586294834e-07,1.0854981436299997e-08
1994,1,4.384607177179998e-09,9.363559440567e-09,2.288502763152e-07,1.0821260683660002e-08
1994,2,4.3850898306000005e-09,9.310418015129e-09,2.281567738752e-07,1.0789178093959995e-08
1994,3,4.3855691950899985e-09,9.25727817631e-09,2.274690985527e-07,1.0757098780949999e-08
1994,4,4.386061080509998e-09,9.202355387698998e-09,2.2674964147139997e-07,1.0723926649679998e-08
1994,5,4.386558573340001e-09,9.147412472109e-09,2.2603699615489997e-07,1.0690753235039996e-08
1994,6,4.387056556950001e-09,9.092475460306002e-09,2.253319813277e-07,1.0657583998340002e-08
1994,7,4.3893778729199995e-09,9.074029665858e-09,2.2412064858990002e-07,1.0601252702270003e-08
1994,8,4.394205179529999e-09,9.104275408908e-09,2.2221340441479996e-07,1.0512887680099995e-08
1994,9,4.39896493706e-09,9.134300949692995e-09,2.203223947145001e-07,1.0425769878599998e-08
1994,10,4.40372528234e-09,9.164334151133001e-09,2.1843694449350005e-07,1.0338663051880001e-08
1994,11,4.4084820286100005e-09,9.194356124993001e-09,2.1655306640409999e-07,1.0251545819779997e-08
1994,12,4.4132440989699984e-09,9.224380694808003e-09,2.1467352381040001e-07,1.0164434064580002e-08
1995,1,4.41808376e-09,9.254900009354004e-09,2.1275659125150002e-07,1.0075904225500004e-08
1995,2,4.42268358686e-09,9.28393836801e-09,2.109377474353e-07,9.991627315679996e-09
1995,3,4.427287625959999e-09,9.312983119820002e-09,2.091248436187e-07,9.907380330420003e-09
1995,4,4.432045882880001e-09,9.34301454067e-09,2.0724234793260007e-07,9.820268600649996e-09
1995,5,4.4368064129000006e-09,9.373040570730004e-09,2.053671516453e-07,9.733156092730001e-09
1995,6,4.44156236067e-09,9.40306437398e-09,2.034992467608e-07,9.6460405522e-09
1995,7,4.4268205095e-09,9.405160897630002e-09,2.0244840836270002e-07,9.59730716338e-09
1995,8,4.384865826030001e-09,9.368646073809997e-09,2.0251559563369997e-07,9.600820248669995e-09
1995,9,4.343410914129999e-09,9.33246060871e-09,2.0257810557860001e-07,9.604643466720002e-09
1995,10,4.30196257009e-09,9.29627190756e-09,2.0264702729659996e-07,9.60844826721e-09
1995,11,4.26050161111e-09,9.260099671499997e-09,2.0271557708250008e-07,9.612267440789998e-09
1995,12,4.2190511399299985e-09,9.223914844590004e-09,2.0279047503360006e-07,9.616075593840002e-09
1996,1,4.17691120586e-09,9.187137884250004e-09,2.028607232086e-07,9.61995586251e-09
1996,2,4.13613660206e-09,9.151550103980003e-09,2.0293092800390001e-07,9.623707923710001e-09
1996,3,4.09536216506e-09,9.115957727660002e-09,2.0300899238230005e-07,9.627456728160002e-09
1996,4,4.0539002196500004e-09,9.079778511570003e-09,2.0307980014790008e-07,9.63126367258e-09
1996,5,4.0124484009700004e-09,9.043590701600002e-09,2.031575499263e-07,9.635074249879997e-09
1996,6,3.9709857525700006e-09,9.007411827107e-09,2.032428550482e-07,9.638897430509998e-09
1996,7,3.951153177889999e-09,8.991786064192999e-09,2.034483229444e-07,9.648595720060004e-09
1996,8,3.9583209785300015e-09,9.001897895850997e-09,2.038125799188e-07,9.665895205680004e-09
1996,9,3.9654745954199996e-09,9.0119457574e-09,2.041602554783e-07,9.68295352791e-09
1996,10,3.972624983919999e-09,9.021997696090002e-09,2.045153481707e-07,9.699998864369996e-09
1996,11,3.9797798465200016e-09,9.032037389740002e-09,2.0486869298340004e-07,9.717056004919996e-09
1996,12,3.986933903110001e-09,9.042092738760002e-09,2.052298323444e-07,9.734109026110002e-09
1997,1,3.9942025793499994e-09,9.05230323739e-09,2.055909749615e-07,9.751439368829998e-09
1997,2,4.001119825280001e-09,9.06201773179e-09,2.0593500786139997e-07,9.767926595930003e-09
1997,3,4.00803912668e-09,9.0717333149e-09,2.0628767651839996e-07,9.784418079550002e-09
1997,4,4.0151910587100005e-09,9.081783000779998e-09,2.0664320545560005e-07,9.801471370480004e-09
1997,5,4.022344431350001e-09,9.09182617185e-09,2.070064202811001e-07,9.818500713279996e-09
1997,6,4.029497612590001e-09,9.101878758730001e-09,2.073771479371e-07,9.83557300459e-09
1997,7,4.03572849142e-09,9.110596256120002e-09,2.072482882178e-07,9.82977595558e-09
1997,8,4.0408588545100005e-09,9.117738123879998e-09,2.0647065468399992e-07,9.7940822308e-09
1997,9,4.0459029460699995e-09,9.124760245610005e-09,2.0569142485839999e-07,9.758857387920004e-09
1997,10,4.05094602778e-09,9.131776256329996e-09,2.049194469233e-07,9.723610675929999e-09
1997,11,4.05598812637e-09,9.13879836108e-09,2.0414473918699998e-07,9.688386683359996e-09
1997,12,4.061030777690002e-09,9.145826306290001e-09,2.033795893176001e-07,9.653135596709999e-09
1998,1,4.06615835022e-09,9.15294494216e-09,2.0259727521940005e-07,9.617325292629997e-09
1998,2,4.07103597214e-09,9.15974503359e-09,2.018492394796e-07,9.58324040444e-09
1998,3,4.075912742419999e-09,9.166533922900005e-09,2.0111158616079988e-07,9.549153813119995e-09
1998,4,4.08095691258e-09,9.17354544108e-09,2.0034006522739992e-07,9.513913811590004e-09
1998,5,4.08599937424e-09,9.18057168824e-09,1.995749891356e-07,9.478664883520004e-09
1998,6,4.09104394855e-09,9.18759011831e-09,1.988188375556e-07,9.443438494499998e-09
1998,7,4.096683837910001e-09,9.19530450157e-09,1.9776437692600007e-07,9.394686024280002e-09
1998,8,4.103220439920001e-09,9.20407698124e-09,1.9629710524160004e-07,9.326994625689996e-09
1998,9,4.10965325036e-09,9.2127172748e-09,1.948397672576e-07,9.260303124709996e-09
1998,10,4.11608964529e-09,9.221358900200003e-09,1.933897989316e-07,9.19359124199e-09
1998,11,4.1225232400499984e-09,9.22999624867e-09,1.9193654635760005e-07,9.12689871075e-09
1998,12,4.1289581318199995e-09,9.238637278890001e-09,1.904928360962e-07,9.060199229840002e-09
1999,1,4.13550056609e-09,9.24741724745e-09,1.89017194107e-07,8.992403221779998e-09
1999,2,4.1417220723999996e-09,9.25577342014e-09,1.876173368649e-07,8.927899751780003e-09
1999,3,4.147949246340001e-09,9.264132937190004e-09,1.862200132415e-07,8.863387090249995e-09
1999,4,4.15438144595e-09,9.272766202949999e-09,1.8477384075140003e-07,8.796682217359999e-09
1999,5,4.160814894550001e-09,9.281408439399999e-09,1.8333118043370001e-07,8.729975052079999e-09
1999,6,4.16724981487e-09,9.29004407481e-09,1.818930647454e-07,8.663294514009997e-09
1999,7,4.172950324409998e-09,9.297557071150006e-09,1.806500603946001e-07,8.605827184930002e-09
1999,8,4.177718134080001e-09,9.303635811499999e-09,1.7966079437899997e-07,8.560204569449999e-09
1999,9,4.18240384191e-09,9.30960443588e-09,1.786777550922e-07,8.515422297740003e-09
1999,10,4.187093609579999e-09,9.31556381574e-09,1.7769821635470002e-07,8.47065095111e-09
1999,11,4.191778490779999e-09,9.321526401730002e-09,1.7671986052370004e-07,8.425842866650002e-09
1999,12,4.19646788433e-09,9.32750265474e-09,1.7574759924070005e-07,8.381058582279999e-09
2000,1,4.20122806554e-09,9.33355926145e-09,1.7476547739570002e-07,8.335554318320002e-09
2000,2,4.20584016405e-09,9.339426928940004e-09,1.738085302919e-07,8.291491431989998e-09
2000,3,4.210449111259999e-09,9.345298909080001e-09,1.7285179138959998e-07,8.247429395610003e-09
2000,4,4.21513728454e-09,9.35126514541e-09,1.7187805515819993e-07,8.202660864480001e-09
2000,5,4.219825440819999e-09,9.357231486339999e-09,1.709072143546e-07,8.15787343613e-09
2000,6,4.2245107377400014e-09,9.36320062245e-09,1.699412058715e-07,8.11307011997e-09
2000,7,4.230342891450001e-09,9.373344420909999e-09,1.6899845834329995e-07,8.07025773678e-09
2000,8,4.237692054470001e-09,9.388860639489999e-09,1.68074632114e-07,8.029205029200001e-09
2000,9,4.244927589789999e-09,9.404138631999997e-09,1.6715456035330002e-07,7.988845271130002e-09
2000,10,4.2521646452e-09,9.419421231029998e-09,1.6623851560180002e-07,7.948482304969998e-09
2000,11,4.25940224348e-09,9.43470038625e-09,1.65323680304e-07,7.908105780720003e-09
2000,12,4.26663575858e-09,9.449982637100001e-09,1.6441453004819998e-07,7.867741548320002e-09
2001,1,4.273991451619999e-09,9.465510759920002e-09,1.634963396194e-07,7.82671861786e-09
2001,2,4.2809904023700005e-09,9.480290325770004e-09,1.6261633399490007e-07,7.78767236269e-09
2001,3,4.2879882776100006e-09,9.495071665480004e-09,1.617366406046e-07,7.748625287319998e-09
2001,4,4.29522638002e-09,9.51035270543e-09,1.608252719072e-07,7.708264270200001e-09
2001,5,4.302460275119999e-09,9.525635392750003e-09,1.5991706753190002e-07,7.667899124430002e-09
2001,6,4.30969739851e-09,9.540909345779995e-09,1.5901332691850002e-07,7.627515987130001e-09
2001,7,4.316112445510001e-09,9.55316456368e-09,1.580958131339e-07,7.586119414979997e-09
2001,8,4.321575517480001e-09,9.56173091027e-09,1.5714926503279998e-07,7.542699138280001e-09
2001,9,4.32694743245e-09,9.570148738279998e-09,1.562071593316e-07,7.499975278080003e-09
2001,10,4.3323180745499984e-09,9.578555421870002e-09,1.552696292807001e-07,7.45723571018e-09
2001,11,4.3376889048e-09,9.58697525204e-09,1.5433329087580002e-07,7.414511450779999e-09
2001,12,4.343060393820001e-09,9.59538450113e-09,1.5340177030989995e-07,7.37178903671e-09
2002,1,4.348522795169999e-09,9.603943450350004e-09,1.5246063198639998e-07,7.32835690583e-09
2002,2,4.3537140906900015e-09,9.61207458549e-09,1.5155943765859994e-07,7.2870323290699976e-09
2002,3,4.358910919749999e-09,9.620216708129997e-09,1.5065828021830007e-07,7.245699873930001e-09
2002,4,4.3642813181200015e-09,9.628627537729999e-09,1.497246895009001e-07,7.202969759760001e-09
2002,5,4.3696553833400015e-09,9.637044646980002e-09,1.4879358071300006e-07,7.1602412664800005e-09
2002,6,4.375023222019999e-09,9.64545624425e-09,1.4786672224000002e-07,7.117522457130001e-09
2002,7,4.380913807799998e-09,9.65441731582e-09,1.473254672651e-07,7.092952553919998e-09
2002,8,4.3875902423299994e-09,9.664264474999996e-09,1.4729827240029994e-07,7.0923687999899986e-09
2002,9,4.39416423732e-09,9.67394873572e-09,1.4726337470450006e-07,7.091951264049998e-09
2002,10,4.400735064439999e-09,9.683638739769998e-09,1.4723302280090002e-07,7.091509225039999e-09
2002,11,4.407308545129999e-09,9.693331561770004e-09,1.4720395011109994e-07,7.0910820608900025e-09
2002,12,4.413882161250002e-09,9.703015688939996e-09,1.4717925523310002e-07,7.090650677470001e-09
2003,1,4.420559720050002e-09,9.71285941998e-09,1.471600862988e-07,7.090217739549999e-09
2003,2,4.42691971339e-09,9.72223133559e-09,1.4713610642369998e-07,7.08978865738e-09
2003,3,4.433274533940002e-09,9.73160352391e-09,1.4711215546800006e-07,7.089366790569998e-09
2003,4,4.439851514299999e-09,9.74129269008e-09,1.4708507320970002e-07,7.088940889910002e-09
2003,5,4.44642146409e-09,9.75098652314e-09,1.4706016934570006e-07,7.088507175830001e-09
2003,6,4.4529945684600005e-09,9.760660355250002e-09,1.4703978089659993e-07,7.08807174136e-09
2003,7,4.45836228851e-09,9.76739509174e-09,1.468662185693e-07,7.0801184480499995e-09
2003,8,4.462164136409999e-09,9.77020174725e-09,1.4648295147419994e-07,7.061658426189999e-09
2003,9,4.465898743030001e-09,9.7729472408e-09,1.4609431789300005e-07,7.043416691450002e-09
2003,10,4.469633814229998e-09,9.775683622100004e-09,1.4570971766570006e-07,7.025170774810003e-09
2003,11,4.47336562729e-09,9.77842247438e-09,1.4532671378169998e-07,7.006939887290003e-09
2003,12,4.477102124620001e-09,9.781160404849996e-09,1.44947638229e-07,6.9886900593600005e-09
2004,1,4.480895626970002e-09,9.783949574680002e-09,1.4456831207500002e-07,6.9701582407499996e-09
2004,2,4.484567473169998e-09,9.78664260529e-09,1.4419562119800007e-07,6.952217127910002e-09
2004,3,4.48823913087e-09,9.789342437370004e-09,1.43822411264e-07,6.93426491341e-09
2004,4,4.49197346585e-09,9.79207212473e-09,1.4344066149100005e-07,6.916037359190001e-09
2004,5,4.4957055517100005e-09,9.794822822809994e-09,1.43061571836e-07,6.8977933257999985e-09
2004,6,4.499439672300001e-09,9.797552741509999e-09,1.42686143014e-07,6.879547245070002e-09
2004,7,4.5050414704899996e-09,9.80592092448e-09,1.4231187010700002e-07,6.862038902319999e-09
2004,8,4.51305195572e-09,9.82136691312e-09,1.41938425512e-07,6.845167697440002e-09
2004,9,4.5209472428100015e-09,9.836587174470002e-09,1.4156113392299993e-07,6.828565710339999e-09
2004,10,4.52883754312e-09,9.85181891259e-09,1.4118851328000002e-07,6.811969909360001e-09
2004,11,4.53672987873e-09,9.86704415282e-09,1.4081758390599995e-07,6.7953682593e-09
2004,12,4.5446215244499986e-09,9.882260572830001e-09,1.4044981118300006e-07,6.778768184280002e-09
2005,1,4.5526408925800005e-09,9.89773834465e-09,1.4008248314100004e-07,6.761898732839999e-09
2005,2,4.56027461021e-09,9.91245993321e-09,1.3972702678719998e-07,6.74584442782e-09
2005,3,4.567907983560001e-09,9.927189657590001e-09,1.3937104033790002e-07,6.7297845734799995e-09
2005,4,4.57580122246e-09,9.94240894199e-09,1.3900011367449999e-07,6.7131923766800005e-09
2005,5,4.583692162729999e-09,9.957638318039998e-09,1.3863195766150004e-07,6.6965964539200006e-09
2005,6,4.59158452612e-09,9.97286364865e-09,1.382672987461e-07,6.679986319860001e-09
2005,7,4.597620158970002e-09,9.983148730319996e-09,1.376295112444e-07,6.6506096856899995e-09
2005,8,4.6013701204200005e-09,9.987344160620003e-09,1.3663094385760006e-07,6.604134694380002e-09
2005,9,4.60505133645e-09,9.99142494321e-09,1.3563742578079994e-07,6.5583495661999994e-09
2005,10,4.6087328447200004e-09,9.99551069363e-09,1.3464856371379994e-07,6.512541828370001e-09
2005,11,4.61241451277e-09,9.99960925702e-09,1.336614294414e-07,6.46674618845e-09
2005,12,4.61609621891e-09,1.000368544779e-08,1.326766879222e-07,6.420938730840002e-09
2006,1,4.61983530148e-09,1.0007853425570001e-08,1.316827989204e-07,6.374383806179998e-09
2006,2,4.6233984997000005e-09,1.001180519686e-08,1.3073116219339998e-07,6.3300834074600015e-09
2006,3,4.6269574685400014e-09,1.001575069092e-08,1.2977838779180006e-07,6.285786762080001e-09
2006,4,4.630640516570001e-09,1.001986062629e-08,1.2879071506880002e-07,6.2399850444499996e-09
2006,5,4.6343199277700006e-09,1.0023941460800002e-08,1.27805253106e-07,6.19419539848e-09
2006,6,4.63799827586e-09,1.0028026777469996e-08,1.2682346629979995e-07,6.14839075711e-09
2006,7,4.640097499339998e-09,1.0030384321360003e-08,1.2627045623760007e-07,6.1226369905199995e-09
2006,8,4.6401082181e-09,1.003039729519e-08,1.2629008312879995e-07,6.123386176429999e-09
2006,9,4.6401082181e-09,1.003039729519e-08,1.26303261727e-07,6.124279833849999e-09
2006,10,4.6401082181e-09,1.003039729519e-08,1.26321112941e-07,6.125172080170002e-09
2006,11,4.6401082181e-09,1.003039729519e-08,1.26341026452e-07,6.126059042119997e-09
2006,12,4.6401082181e-09,1.003039729519e-08,1.26360159102e-07,6.1269512271200025e-09
2007,1,4.6401082181e-09,1.003039729519e-08,1.2637125146199998e-07,6.127851840350001e-09
2007,2,4.6401082181e-09,1.003039729519e-08,1.2639050027700002e-07,6.128710526199999e-09
2007,3,4.6401082181e-09,1.003039729519e-08,1.2641116036799998e-07,6.129566479570001e-09
2007,4,4.6401082181e-09,1.003039729519e-08,1.2642959329400006e-07,6.13045296945e-09
2007,5,4.6401082181e-09,1.003039729519e-08,1.2645077463999994e-07,6.131344367399999e-09
2007,6,4.6401082181e-09,1.003039729519e-08,1.2647510635199999e-07,6.1322386596000025e-09
2007,7,4.639706096010001e-09,1.0029556054799996e-08,1.2605374631700002e-07,6.1125720347599995e-09
2007,8,4.638732244650002e-09,1.0027601641560005e-08,1.2501396109199993e-07,6.064187786859998e-09
2007,9,4.6377619319799995e-09,1.0025656703290003e-08,1.2397747986600002e-07,6.016392542059999e-09
2007,10,4.63679451715e-09,1.002373168773e-08,1.2294585348099996e-07,5.968592853230001e-09
2007,11,4.6358439173e-09,1.002178466997e-08,1.2191634799899995e-07,5.920795940380001e-09
2007,12,4.634861264609999e-09,1.0019861877810002e-08,1.20886126828e-07,5.87299347904e-09
2008,1,4.633893481840001e-09,1.001787594431e-08,1.1983058499099994e-07,5.82441170121e-09
2008,2,4.6329349556300005e-09,1.0015981712770005e-08,1.1881758321300001e-07,5.777397008550002e-09
2008,3,4.631995965450001e-09,1.0014050051340001e-08,1.1780652480539999e-07,5.730382623979999e-09
2008,4,4.63102377482e-09,1.0012156319109995e-08,1.1677555801800006e-07,5.6825863636100005e-09
2008,5,4.630066554460001e-09,1.001018774803e-08,1.157473487086e-07,5.634782295520001e-09
2008,6,4.629086779550001e-09,1.000827864566e-08,1.1472211604879999e-07,5.5869811054699986e-09
2008,7,4.62898257344e-09,1.000806158855e-08,1.1415127693480002e-07,5.56046571475e-09
2008,8,4.629971654430001e-09,1.0010004099010003e-08,1.1415217433730002e-07,5.56036558905e-09
2008,9,4.630929857029998e-09,1.0011961927889999e-08,1.1414638931440001e-07,5.56036558905e-09
2008,10,4.63189956623e-09,1.0013859906360001e-08,1.1414547568540005e-07,5.56036558905e-09
2008,11,4.632856924779999e-09,1.0015822432150002e-08,1.1414621983580003e-07,5.56036558905e-09
2008,12,4.6338302743499986e-09,1.001775291891e-08,1.1414583465210002e-07,5.56036558905e-09
2009,1,4.63479657471e-09,1.0019732353450003e-08,1.1413762250370002e-07,5.56036558905e-09
2009,2,4.635750457830001e-09,1.0021595969509999e-08,1.1413787895880001e-07,5.56036558905e-09
2009,3,4.63666621749e-09,1.002347655016e-08,1.1414036268819997e-07,5.56036558905e-09
2009,4,4.6376392217499986e-09,1.0025400842939997e-08,1.1414004283349998e-07,5.56036558905e-09
2009,5,4.638604013550002e-09,1.002734679909e-08,1.14142123551e-07,5.56036558905e-09
2009,6,4.63956784733e-09,1.0029276375730003e-08,1.1414733135679994e-07,5.56036558905e-09
2009,7,4.640105972369999e-09,1.0030392172720004e-08,1.141490296159e-07,5.56036558905e-09
2009,8,4.6401082181e-09,1.003039729519e-08,1.1415217452429993e-07,5.56036558905e-09
2009,9,4.6401082181e-09,1.003039729519e-08,1.141463894254e-07,5.56036558905e-09
2009,10,4.6401082181e-09,1.003039729519e-08,1.1414547561540006e-07,5.56036558905e-09
2009,11,4.6401082181e-09,1.003039729519e-08,1.141462200388e-07,5.56036558905e-09
2009,12,4.6401082181e-09,1.003039729519e-08,1.1414583445110001e-07,5.56036558905e-09
2010,1,4.6401082181e-09,1.003039729519e-08,1.141377840387e-07,5.56036558905e-09
2010,2,4.6401082181e-09,1.003039729519e-08,1.1413780029780002e-07,5.56036558905e-09
2010,3,4.6401082181e-09,1.003039729519e-08,1.1414031923409998e-07,5.56036558905e-09
2010,4,4.6401082181e-09,1.003039729519e-08,1.1414003847019999e-07,5.56036558905e-09
2010,5,4.6401082181e-09,1.003039729519e-08,1.1414199247119998e-07,5.56036558905e-09
2010,6,4.6401082181e-09,1.003039729519e-08,1.1414721109040001e-07,5.56036558905e-09
2010,7,4.6401082181e-09,1.003039729519e-08,1.1414895015209995e-07,5.56036558905e-09
2010,8,4.6401082181e-09,1.003039729519e-08,1.1415220025109999e-07,5.56036558905e-09
2010,9,4.6401082181e-09,1.003039729519e-08,1.141465461277e-07,5.56036558905e-09
2010,10,4.6401082181e-09,1.003039729519e-08,1.141454666944e-07,5.56036558905e-09
2010,11,4.6401082181e-09,1.003039729519e-08,1.1414618369469993e-07,5.56036558905e-09
2010,12,4.6401082181e-09,1.003039729519e-08,1.1414597729719999e-07,5.56036558905e-09
2011,1,4.6401082181e-09,1.003039729519e-08,1.141377836457e-07,5.56036558905e-09
2011,2,4.6401082181e-09,1.003039729519e-08,1.1413780073080006e-07,5.56036558905e-09
2011,3,4.6401082181e-09,1.003039729519e-08,1.1414031926310001e-07,5.56036558905e-09
2011,4,4.6401082181e-09,1.003039729519e-08,1.1414003892919998e-07,5.56036558905e-09
2011,5,4.6401082181e-09,1.003039729519e-08,1.1414199130620005e-07,5.56036558905e-09
2011,6,4.6401082181e-09,1.003039729519e-08,1.141472110144e-07,5.56036558905e-09
2011,7,4.639706096010001e-09,1.0029556054799996e-08,1.1414895016809995e-07,5.56036558905e-09
2011,8,4.638732244650002e-09,1.0027601641560005e-08,1.1415220017810002e-07,5.56036558905e-09
2011,9,4.6377619319799995e-09,1.0025656703290003e-08,1.141465458777e-07,5.56036558905e-09
2011,10,4.63679451715e-09,1.002373168773e-08,1.141454657264e-07,5.56036558905e-09
2011,11,4.6358439173e-09,1.002178466997e-08,1.1414618339270001e-07,5.56036558905e-09
2011,12,4.634861264609999e-09,1.0019861877810002e-08,1.1414597713719999e-07,5.56036558905e-09
2012,1,4.633893481840001e-09,1.001787594431e-08,1.1413778263769998e-07,5.56036558905e-09
2012,2,4.6329349556300005e-09,1.0015981712770005e-08,1.1413784251650007e-07,5.56036558905e-09
2012,3,4.631995965450001e-09,1.0014050051340001e-08,1.141403627092e-07,5.56036558905e-09
2012,4,4.63102377482e-09,1.0012156319109995e-08,1.1414004299649999e-07,5.56036558905e-09
2012,5,4.630066554460001e-09,1.001018774803e-08,1.14142125621e-07,5.56036558905e-09
2012,6,4.629086779550001e-09,1.000827864566e-08,1.1414733115479999e-07,5.56036558905e-09
2012,7,4.62898257344e-09,1.000806158855e-08,1.1414902976689999e-07,5.56036558905e-09
2012,8,4.629971654430001e-09,1.0010004099010003e-08,1.1415217431330002e-07,5.56036558905e-09
2012,9,4.630929857029998e-09,1.0011961927889999e-08,1.1414638942839994e-07,5.56036558905e-09
2012,10,4.63189956623e-09,1.0013859906360001e-08,1.1414547549240002e-07,5.56036558905e-09
2012,11,4.632856924779999e-09,1.0015822432150002e-08,1.1414621946780007e-07,5.56036558905e-09
2012,12,4.6338302743499986e-09,1.001775291891e-08,1.1414583435209999e-07,5.56036558905e-09
2013,1,4.63479657471e-09,1.0019732353450003e-08,1.1413762233770001e-07,5.56036558905e-09
2013,2,4.635750457830001e-09,1.0021595969509999e-08,1.1413787894879999e-07,5.56036558905e-09
2013,3,4.63666621749e-09,1.002347655016e-08,1.1414036246019995e-07,5.56036558905e-09
2013,4,4.6376392217499986e-09,1.0025400842939997e-08,1.1414004275049995e-07,5.56036558905e-09
2013,5,4.638604013550002e-09,1.002734679909e-08,1.1414212449000001e-07,5.56036558905e-09
2013,6,4.63956784733e-09,1.0029276375730003e-08,1.1414733234779994e-07,5.56036558905e-09
2013,7,4.640105972369999e-09,1.0030392172720004e-08,1.1414902974789994e-07,5.56036558905e-09
2013,8,4.6401082181e-09,1.003039729519e-08,1.1415217462329998e-07,5.56036558905e-09
2013,9,4.6401082181e-09,1.003039729519e-08,1.1414638942839999e-07,5.56036558905e-09
2013,10,4.6401082181e-09,1.003039729519e-08,1.1414547560340006e-07,5.56036558905e-09
2013,11,4.6401082181e-09,1.003039729519e-08,1.1414621966580005e-07,5.56036558905e-09
2013,12,4.6401082181e-09,1.003039729519e-08,1.141458345621e-07,5.56036558905e-09
2014,1,4.6401082181e-09,1.003039729519e-08,1.1413778363670001e-07,5.56036558905e-09
2014,2,4.6401082181e-09,1.003039729519e-08,1.141378006118e-07,5.56036558905e-09
2014,3,4.6401082181e-09,1.003039729519e-08,1.1414031823510001e-07,5.56036558905e-09
2014,4,4.6401082181e-09,1.003039729519e-08,1.1414003829820001e-07,5.56036558905e-09
2014,5,4.6401082181e-09,1.003039729519e-08,1.1414199269320007e-07,5.56036558905e-09
2014,6,4.6401082181e-09,1.003039729519e-08,1.141472113984e-07,5.56036558905e-09
2014,7,4.6401082181e-09,1.003039729519e-08,1.1414895020109994e-07,5.56036558905e-09
2014,8,4.6401082181e-09,1.003039729519e-08,1.141522001681e-07,5.56036558905e-09
2014,9,4.6401082181e-09,1.003039729519e-08,1.1414654583569994e-07,5.56036558905e-09
2014,10,4.6401082181e-09,1.003039729519e-08,1.1414546670439999e-07,5.56036558905e-09
2014,11,4.6401082181e-09,1.003039729519e-08,1.141461836057e-07,5.56036558905e-09
2014,12,4.6401082181e-09,1.003039729519e-08,1.1414597713919997e-07,5.56036558905e-09
2015,1,4.6401082181e-09,1.003039729519e-08,1.1413778382369998e-07,5.56036558905e-09
2015,2,4.6401082181e-09,1.003039729519e-08,1.1413780032880001e-07,5.56036558905e-09
2015,3,4.6401082181e-09,1.003039729519e-08,1.1414031927409999e-07,5.56036558905e-09
2015,4,4.6401082181e-09,1.003039729519e-08,1.1414003868619999e-07,5.56036558905e-09
2015,5,4.6401082181e-09,1.003039729519e-08,1.1414199056620007e-07,5.56036558905e-09
2015,6,4.6401082181e-09,1.003039729519e-08,1.141472113204e-07,5.56036558905e-09
2015,7,4.639706096010001e-09,1.0029556054799996e-08,1.141489501701e-07,5.56036558905e-09
2015,8,4.638732244650002e-09,1.0027601641560005e-08,1.1415220017810002e-07,5.56036558905e-09
2015,9,4.6377619319799995e-09,1.0025656703290003e-08,1.1414654605969998e-07,5.56036558905e-09
2015,10,4.63679451715e-09,1.002373168773e-08,1.1414546669340001e-07,5.56036558905e-09
2015,11,4.6358439173e-09,1.002178466997e-08,1.1414618379369998e-07,5.56036558905e-09
2015,12,4.634861264609999e-09,1.0019861877810002e-08,1.1414597734919994e-07,5.56036558905e-09
2016,1,4.633893481840001e-09,1.001787594431e-08,1.1413778265669999e-07,5.56036558905e-09
2016,2,4.6329349556300005e-09,1.0015981712770005e-08,1.1413784221750002e-07,5.56036558905e-09
2016,3,4.631995965450001e-09,1.0014050051340001e-08,1.141403649482e-07,5.56036558905e-09
2016,4,4.63102377482e-09,1.0012156319109995e-08,1.1414004291749994e-07,5.56036558905e-09
2016,5,4.630066554460001e-09,1.001018774803e-08,1.1414212560099998e-07,5.56036558905e-09
2016,6,4.629086779550001e-09,1.000827864566e-08,1.1414733133979995e-07,5.56036558905e-09
2016,7,4.62898257344e-09,1.000806158855e-08,1.141490296669e-07,5.56036558905e-09
2016,8,4.629971654430001e-09,1.0010004099010003e-08,1.1415217454329994e-07,5.56036558905e-09
2016,9,4.630929857029998e-09,1.0011961927889999e-08,1.1414638941540001e-07,5.56036558905e-09
2016,10,4.63189956623e-09,1.0013859906360001e-08,1.1414547571240006e-07,5.56036558905e-09
2016,11,4.632856924779999e-09,1.0015822432150002e-08,1.1414621964680007e-07,5.56036558905e-09
2016,12,4.6338302743499986e-09,1.001775291891e-08,1.141458347731e-07,5.56036558905e-09
2017,1,4.63479657471e-09,1.0019732353450003e-08,1.1413762271670003e-07,5.56036558905e-09
2017,2,4.635750457830001e-09,1.0021595969509999e-08,1.1413787895679998e-07,5.56036558905e-09
2017,3,4.63666621749e-09,1.002347655016e-08,1.1414036375919998e-07,5.56036558905e-09
2017,4,4.6376392217499986e-09,1.0025400842939997e-08,1.1414004249549995e-07,5.56036558905e-09
2017,5,4.638604013550002e-09,1.002734679909e-08,1.1414212464200001e-07,5.56036558905e-09
2017,6,4.63956784733e-09,1.0029276375730003e-08,1.1414733216579995e-07,5.56036558905e-09
2017,7,4.640105972369999e-09,1.0030392172720004e-08,1.1414902973689995e-07,5.56036558905e-09
2017,8,4.6401082181e-09,1.003039729519e-08,1.1415217444329993e-07,5.56036558905e-09
2017,9,4.6401082181e-09,1.003039729519e-08,1.1414638932239995e-07,5.56036558905e-09
2017,10,4.6401082181e-09,1.003039729519e-08,1.1414547579440005e-07,5.56036558905e-09
2017,11,4.6401082181e-09,1.003039729519e-08,1.141462195058e-07,5.56036558905e-09
2017,12,4.6401082181e-09,1.003039729519e-08,1.141458345421e-07,5.56036558905e-09
2018,1,4.6401082181e-09,1.003039729519e-08,1.1413778357669997e-07,5.56036558905e-09
2018,2,4.6401082181e-09,1.003039729519e-08,1.1413780072980006e-07,5.56036558905e-09
2018,3,4.6401082181e-09,1.003039729519e-08,1.1414032016209998e-07,5.56036558905e-09
2018,4,4.6401082181e-09,1.003039729519e-08,1.1414003782919998e-07,5.56036558905e-09
2018,5,4.6401082181e-09,1.003039729519e-08,1.1414199256520007e-07,5.56036558905e-09
2018,6,4.6401082181e-09,1.003039729519e-08,1.1414721108039999e-07,5.56036558905e-09
2018,7,4.6401082181e-09,1.003039729519e-08,1.1414895025009997e-07,5.56036558905e-09
2018,8,4.6401082181e-09,1.003039729519e-08,1.1415220023010001e-07,5.56036558905e-09
2018,9,4.6401082181e-09,1.003039729519e-08,1.1414654591870001e-07,5.56036558905e-09
2018,10,4.6401082181e-09,1.003039729519e-08,1.141454669064e-07,5.56036558905e-09
2018,11,4.6401082181e-09,1.003039729519e-08,1.1414618360370002e-07,5.56036558905e-09
2018,12,4.6401082181e-09,1.003039729519e-08,1.1414597709719999e-07,5.56036558905e-09
2019,1,4.6401082181e-09,1.003039729519e-08,1.1413778407569999e-07,5.56036558905e-09
2019,2,4.6401082181e-09,1.003039729519e-08,1.1413780063280001e-07,5.56036558905e-09
2019,3,4.6401082181e-09,1.003039729519e-08,1.1414032055309999e-07,5.56036558905e-09
2019,4,4.6401082181e-09,1.003039729519e-08,1.141400390282e-07,5.56036558905e-09
2019,5,4.6401082181e-09,1.003039729519e-08,1.141419904842e-07,5.56036558905e-09
2019,6,4.6401082181e-09,1.003039729519e-08,1.1414721120439999e-07,5.56036558905e-09
2019,7,4.639706096010001e-09,1.0029556054799996e-08,1.1414895027909999e-07,5.56036558905e-09
2019,8,4.638732244650002e-09,1.0027601641560005e-08,1.141522002691e-07,5.56036558905e-09
2019,9,4.6377619319799995e-09,1.0025656703290003e-08,1.1414654605569999e-07,5.56036558905e-09
2019,10,4.63679451715e-09,1.002373168773e-08,1.1414546673839998e-07,5.56036558905e-09
2019,11,4.6358439173e-09,1.002178466997e-08,1.1414618318469994e-07,5.56036558905e-09
2019,12,4.634861264609999e-09,1.0019861877810002e-08,1.141459774282e-07,5.56036558905e-09
2020,1,4.633893481840001e-09,1.001787594431e-08,1.1413778305369999e-07,5.56036558905e-09
2020,2,4.6329349556300005e-09,1.0015981712770005e-08,1.1413784240450001e-07,5.56036558905e-09
2020,3,4.631995965450001e-09,1.0014050051340001e-08,1.1414036263919997e-07,5.56036558905e-09
2020,4,4.63102377482e-09,1.0012156319109995e-08,1.1414004312749994e-07,5.56036558905e-09
2020,5,4.630066554460001e-09,1.001018774803e-08,1.1414212556800001e-07,5.56036558905e-09
2020,6,4.629086779550001e-09,1.000827864566e-08,1.1414733115779994e-07,5.56036558905e-09
2020,7,4.62898257344e-09,1.000806158855e-08,1.1414902953889999e-07,5.56036558905e-09
2020,8,4.629971654430001e-09,1.0010004099010003e-08,1.1415217451329999e-07,5.56036558905e-09
2020,9,4.630929857029998e-09,1.0011961927889999e-08,1.1414638941839993e-07,5.56036558905e-09
2020,10,4.63189956623e-09,1.0013859906360001e-08,1.1414547570240007e-07,5.56036558905e-09
2020,11,4.632856924779999e-09,1.0015822432150002e-08,1.1414621975880004e-07,5.56036558905e-09
2020,12,4.6338302743499986e-09,1.001775291891e-08,1.1414583456110001e-07,5.56036558905e-09
2021,1,4.63479657471e-09,1.0019732353450003e-08,1.1413762370570007e-07,5.56036558905e-09
2021,2,4.635750457830001e-09,1.0021595969509999e-08,1.141378794678e-07,5.56036558905e-09
2021,3,4.63666621749e-09,1.002347655016e-08,1.1414036353819998e-07,5.56036558905e-09
2021,4,4.6376392217499986e-09,1.0025400842939997e-08,1.1414004266949995e-07,5.56036558905e-09
2021,5,4.638604013550002e-09,1.002734679909e-08,1.1414212569100001e-07,5.56036558905e-09
2021,6,4.63956784733e-09,1.0029276375730003e-08,1.1414733116779995e-07,5.56036558905e-09
2021,7,4.640105972369999e-09,1.0030392172720004e-08,1.1414902972690001e-07,5.56036558905e-09
2021,8,4.6401082181e-09,1.003039729519e-08,1.1415217441029997e-07,5.56036558905e-09
2021,9,4.6401082181e-09,1.003039729519e-08,1.1414638940339995e-07,5.56036558905e-09
2021,10,4.6401082181e-09,1.003039729519e-08,1.1414547566740005e-07,5.56036558905e-09
2021,11,4.6401082181e-09,1.003039729519e-08,1.1414622076880007e-07,5.56036558905e-09
2021,12,4.6401082181e-09,1.003039729519e-08,1.141458344331e-07,5.56036558905e-09
2022,1,4.6401082181e-09,1.003039729519e-08,1.1413778271269998e-07,5.56036558905e-09
2022,2,4.6401082181e-09,1.003039729519e-08,1.1413780075080007e-07,5.56036558905e-09
2022,3,4.6401082181e-09,1.003039729519e-08,1.141403201351e-07,5.56036558905e-09
2022,4,4.6401082181e-09,1.003039729519e-08,1.1414003845920001e-07,5.56036558905e-09
2022,5,4.6401082181e-09,1.003039729519e-08,1.141419915742e-07,5.56036558905e-09
2022,6,4.6401082181e-09,1.003039729519e-08,1.1414721120140002e-07,5.56036558905e-09
2022,7,4.6401082181e-09,1.003039729519e-08,1.1414895037909995e-07,5.56036558905e-09
2022,8,4.6401082181e-09,1.003039729519e-08,1.1415220013710001e-07,5.56036558905e-09
2022,9,4.6401082181e-09,1.003039729519e-08,1.141465457167e-07,5.56036558905e-09
2022,10,4.6401082181e-09,1.003039729519e-08,1.141454658174e-07,5.56036558905e-09
2022,11,4.6401082181e-09,1.003039729519e-08,1.141461835047e-07,5.56036558905e-09
2022,12,4.6401082181e-09,1.003039729519e-08,1.1414597714920001e-07,5.56036558905e-09
2023,1,4.6401082181e-09,1.003039729519e-08,1.1413778380369999e-07,5.56036558905e-09
2023,2,4.6401082181e-09,1.003039729519e-08,1.1413780062980006e-07,5.56036558905e-09
2023,3,4.6401082181e-09,1.003039729519e-08,1.1414032025509998e-07,5.56036558905e-09
2023,4,4.6401082181e-09,1.003039729519e-08,1.141400390692e-07,5.56036558905e-09
2023,5,4.6401082181e-09,1.003039729519e-08,1.1414199129420006e-07,5.56036558905e-09
2023,6,4.6401082181e-09,1.003039729519e-08,1.141472111904e-07,5.56036558905e-09
2023,7,4.6401082181e-09,1.003039729519e-08,1.141489502801e-07,5.56036558905e-09
2023,8,4.6401082181e-09,1.003039729519e-08,1.1415220024909999e-07,5.56036558905e-09
2023,9,4.6401082181e-09,1.003039729519e-08,1.1414654594070001e-07,5.56036558905e-09
2023,10,4.6401082181e-09,1.003039729519e-08,1.141454667744e-07,5.56036558905e-09
2023,11,4.6401082181e-09,1.003039729519e-08,1.141461835657e-07,5.56036558905e-09
2023,12,4.6401082181e-09,1.003039729519e-08,1.1414597712919998e-07,5.56036558905e-09
